"id_matricula","curso","sigla_curso","ano","semestre","turno","nome_turno"
"ACB029015",3,"GTI",2020,1,"2","Vespertino"
"ACK244514",4,"SI",2021,2,"2","Vespertino"
"ACP464029",2,"CD",2021,2,"3","Noturno"
"ADG785780",3,"GTI",2022,2,"1","Matutino"
"ADP716178",1,"ADS",2022,2,"2","Vespertino"
"ADW672440",4,"SI",2021,2,"2","Vespertino"
"AEC482431",3,"GTI",2021,1,"2","Vespertino"
"AEP373753",3,"GTI",2022,2,"3","Noturno"
"AFT325852",2,"CD",2022,1,"2","Vespertino"
"AFW584209",4,"SI",2022,1,"1","Matutino"
"AGC428078",4,"SI",2021,1,"1","Matutino"
"AGJ569243",3,"GTI",2022,1,"2","Vespertino"
"AGN513482",4,"SI",2021,2,"3","Noturno"
"AGY507689",3,"GTI",2022,1,"2","Vespertino"
"AHE295061",4,"SI",2022,2,"3","Noturno"
"AHO643798",2,"CD",2021,1,"2","Vespertino"
"AIY538708",5,"RH",2022,1,"3","Noturno"
"AJE406685",1,"ADS",2021,1,"3","Noturno"
"AJV384212",4,"SI",2020,1,"3","Noturno"
"AKU908507",1,"ADS",2020,2,"2","Vespertino"
"ALW868404",4,"SI",2020,1,"1","Matutino"
"ALW869953",3,"GTI",2022,1,"1","Matutino"
"ANX052694",3,"GTI",2021,2,"3","Noturno"
"AOD895291",2,"CD",2020,2,"1","Matutino"
"AOH344845",4,"SI",2021,1,"1","Matutino"
"AOZ927186",5,"RH",2022,2,"2","Vespertino"
"API825196",3,"GTI",2022,1,"3","Noturno"
"AQP533900",2,"CD",2021,2,"3","Noturno"
"AQQ153374",2,"CD",2021,1,"2","Vespertino"
"AQQ697265",4,"SI",2020,1,"3","Noturno"
"ARA422407",3,"GTI",2022,1,"3","Noturno"
"ASL353896",3,"GTI",2022,1,"1","Matutino"
"ASV988932",1,"ADS",2021,2,"1","Matutino"
"ASW063474",5,"RH",2021,2,"2","Vespertino"
"AUE423714",3,"GTI",2022,1,"3","Noturno"
"AUV705318",4,"SI",2020,1,"2","Vespertino"
"AVF403847",2,"CD",2021,1,"3","Noturno"
"AVN016829",4,"SI",2021,1,"1","Matutino"
"AVV961987",2,"CD",2022,2,"1","Matutino"
"AVY386089",5,"RH",2020,2,"1","Matutino"
"AWU746413",1,"ADS",2020,2,"1","Matutino"
"AXU385250",5,"RH",2021,1,"1","Matutino"
"BAR201650",4,"SI",2020,2,"2","Vespertino"
"BAU113983",2,"CD",2020,2,"2","Vespertino"
"BAX758197",1,"ADS",2021,2,"1","Matutino"
"BBM017309",4,"SI",2022,1,"1","Matutino"
"BCB887837",5,"RH",2021,2,"2","Vespertino"
"BCT003544",2,"CD",2020,1,"3","Noturno"
"BCZ300025",4,"SI",2022,1,"3","Noturno"
"BDM202447",1,"ADS",2020,2,"2","Vespertino"
"BDO171562",3,"GTI",2022,1,"3","Noturno"
"BEQ809570",1,"ADS",2022,1,"1","Matutino"
"BHE536530",4,"SI",2021,2,"2","Vespertino"
"BHP658365",5,"RH",2022,1,"1","Matutino"
"BHT060480",4,"SI",2020,2,"1","Matutino"
"BHW551919",4,"SI",2021,2,"3","Noturno"
"BJU564065",5,"RH",2021,1,"3","Noturno"
"BKW370764",4,"SI",2020,1,"2","Vespertino"
"BKZ871100",3,"GTI",2020,2,"1","Matutino"
"BMI305476",2,"CD",2022,2,"3","Noturno"
"BMO426012",2,"CD",2020,2,"1","Matutino"
"BNN656837",2,"CD",2021,2,"3","Noturno"
"BOJ934977",5,"RH",2020,2,"1","Matutino"
"BOO834626",5,"RH",2022,2,"2","Vespertino"
"BQR667066",2,"CD",2022,2,"1","Matutino"
"BQY832283",3,"GTI",2021,1,"1","Matutino"
"BRA308064",3,"GTI",2022,2,"1","Matutino"
"BRE245397",3,"GTI",2022,1,"3","Noturno"
"BSQ620246",3,"GTI",2021,2,"1","Matutino"
"BTU756278",3,"GTI",2020,1,"2","Vespertino"
"BUH646551",4,"SI",2020,2,"2","Vespertino"
"BVI686266",3,"GTI",2021,1,"2","Vespertino"
"BWJ448436",1,"ADS",2021,1,"3","Noturno"
"BWR542577",3,"GTI",2021,2,"1","Matutino"
"BWS946132",3,"GTI",2022,2,"2","Vespertino"
"BXO877936",5,"RH",2020,1,"3","Noturno"
"BXX624612",3,"GTI",2020,1,"1","Matutino"
"BYF113519",5,"RH",2021,1,"2","Vespertino"
"BYP825518",2,"CD",2022,2,"2","Vespertino"
"BYV939972",3,"GTI",2020,1,"1","Matutino"
"BYZ889681",3,"GTI",2021,1,"1","Matutino"
"CAF832495",4,"SI",2022,1,"1","Matutino"
"CAH074884",2,"CD",2021,1,"1","Matutino"
"CAW459967",4,"SI",2020,2,"2","Vespertino"
"CCF668823",5,"RH",2022,2,"2","Vespertino"
"CCM996173",2,"CD",2022,2,"2","Vespertino"
"CCS317816",5,"RH",2021,2,"2","Vespertino"
"CDE351780",2,"CD",2022,1,"2","Vespertino"
"CDV188150",5,"RH",2022,2,"3","Noturno"
"CDY570071",5,"RH",2021,1,"3","Noturno"
"CEO035280",1,"ADS",2021,2,"3","Noturno"
"CEW141617",4,"SI",2022,1,"1","Matutino"
"CFB372957",5,"RH",2022,2,"3","Noturno"
"CFD305031",5,"RH",2020,1,"3","Noturno"
"CGB742959",3,"GTI",2021,1,"3","Noturno"
"CJK599566",4,"SI",2020,1,"1","Matutino"
"CKP761838",5,"RH",2020,2,"3","Noturno"
"CLC031292",5,"RH",2020,1,"2","Vespertino"
"CND671225",3,"GTI",2021,2,"2","Vespertino"
"CNY203784",5,"RH",2022,1,"2","Vespertino"
"COJ785802",2,"CD",2021,2,"1","Matutino"
"CPE898327",4,"SI",2020,1,"1","Matutino"
"CPU630493",1,"ADS",2021,1,"2","Vespertino"
"CRW377064",3,"GTI",2021,1,"2","Vespertino"
"CRZ376442",3,"GTI",2020,2,"2","Vespertino"
"CSJ532803",3,"GTI",2022,1,"1","Matutino"
"CSW438431",2,"CD",2021,2,"1","Matutino"
"CTH541162",2,"CD",2021,2,"3","Noturno"
"CTJ336883",1,"ADS",2022,1,"1","Matutino"
"CTR843775",1,"ADS",2020,2,"1","Matutino"
"CTW722523",4,"SI",2021,2,"1","Matutino"
"CUF941621",5,"RH",2021,2,"1","Matutino"
"CVM641518",2,"CD",2021,2,"2","Vespertino"
"CWB200831",5,"RH",2020,2,"1","Matutino"
"CWK024781",1,"ADS",2021,1,"1","Matutino"
"CXM666704",2,"CD",2021,1,"2","Vespertino"
"CYN762600",3,"GTI",2022,2,"1","Matutino"
"CYT126928",1,"ADS",2022,1,"3","Noturno"
"CZW537505",3,"GTI",2021,2,"1","Matutino"
"DAD809216",2,"CD",2022,1,"2","Vespertino"
"DAK308598",1,"ADS",2021,1,"1","Matutino"
"DCF112585",5,"RH",2020,1,"3","Noturno"
"DDZ664389",1,"ADS",2022,2,"2","Vespertino"
"DEB203152",3,"GTI",2021,1,"1","Matutino"
"DFM372086",2,"CD",2020,2,"2","Vespertino"
"DHU190555",4,"SI",2022,2,"1","Matutino"
"DHV004487",1,"ADS",2022,1,"2","Vespertino"
"DIL863825",2,"CD",2022,2,"3","Noturno"
"DJE660458",1,"ADS",2021,1,"3","Noturno"
"DJN283238",4,"SI",2022,2,"3","Noturno"
"DJW505082",3,"GTI",2021,2,"2","Vespertino"
"DJW896846",2,"CD",2022,1,"1","Matutino"
"DKR588588",4,"SI",2022,1,"3","Noturno"
"DLA233381",3,"GTI",2020,2,"3","Noturno"
"DOD992309",2,"CD",2020,2,"3","Noturno"
"DOG028489",2,"CD",2022,1,"1","Matutino"
"DOQ304382",2,"CD",2020,2,"2","Vespertino"
"DPB323450",1,"ADS",2021,1,"2","Vespertino"
"DPG870900",2,"CD",2020,2,"1","Matutino"
"DPP750845",5,"RH",2020,2,"2","Vespertino"
"DPX034698",1,"ADS",2020,2,"1","Matutino"
"DQM350940",4,"SI",2021,2,"1","Matutino"
"DQN801322",3,"GTI",2022,1,"3","Noturno"
"DRH191358",5,"RH",2022,1,"1","Matutino"
"DRJ444636",5,"RH",2020,2,"2","Vespertino"
"DRZ595568",3,"GTI",2020,2,"1","Matutino"
"DSO544136",5,"RH",2021,1,"1","Matutino"
"DSZ994605",1,"ADS",2020,1,"3","Noturno"
"DTI082750",2,"CD",2022,1,"3","Noturno"
"DTI315403",1,"ADS",2021,2,"3","Noturno"
"DTS611441",4,"SI",2022,1,"2","Vespertino"
"DTT934587",5,"RH",2020,2,"3","Noturno"
"DUF262316",4,"SI",2021,2,"2","Vespertino"
"DUT932945",3,"GTI",2021,1,"3","Noturno"
"DXE496501",1,"ADS",2021,1,"3","Noturno"
"DXG025671",2,"CD",2020,2,"2","Vespertino"
"DXM434353",4,"SI",2022,2,"3","Noturno"
"DXU986857",2,"CD",2020,1,"1","Matutino"
"DYF045065",3,"GTI",2021,1,"1","Matutino"
"DYG734757",2,"CD",2020,2,"2","Vespertino"
"DZB363022",4,"SI",2020,1,"3","Noturno"
"DZR296380",4,"SI",2020,2,"2","Vespertino"
"EAP795662",5,"RH",2020,2,"1","Matutino"
"EBD328319",5,"RH",2022,1,"3","Noturno"
"EBY026573",3,"GTI",2020,1,"1","Matutino"
"EDO229195",1,"ADS",2022,1,"2","Vespertino"
"EEF768191",5,"RH",2022,1,"3","Noturno"
"EEI543063",5,"RH",2020,1,"2","Vespertino"
"EER115767",3,"GTI",2022,1,"3","Noturno"
"EES259378",2,"CD",2022,2,"2","Vespertino"
"EFE672218",1,"ADS",2021,2,"3","Noturno"
"EGL608628",4,"SI",2022,1,"2","Vespertino"
"EHV368525",5,"RH",2022,2,"2","Vespertino"
"EIZ407996",5,"RH",2022,2,"1","Matutino"
"EIZ734257",4,"SI",2020,1,"1","Matutino"
"EJR659856",5,"RH",2022,1,"2","Vespertino"
"EKH849795",3,"GTI",2020,1,"1","Matutino"
"EKI760151",3,"GTI",2021,2,"1","Matutino"
"ELG494088",1,"ADS",2020,2,"1","Matutino"
"EMD893452",2,"CD",2022,2,"2","Vespertino"
"EMH515069",3,"GTI",2020,2,"1","Matutino"
"EMP300840",5,"RH",2022,2,"3","Noturno"
"EMW233365",3,"GTI",2022,2,"2","Vespertino"
"ENB583878",5,"RH",2021,2,"1","Matutino"
"ENX244804",2,"CD",2021,2,"3","Noturno"
"EOC564369",3,"GTI",2020,1,"1","Matutino"
"EPH624627",4,"SI",2022,2,"1","Matutino"
"EQB714762",1,"ADS",2022,1,"2","Vespertino"
"EQQ154278",1,"ADS",2021,2,"2","Vespertino"
"EQR575966",5,"RH",2021,2,"2","Vespertino"
"ERT670449",2,"CD",2022,2,"2","Vespertino"
"ETU685739",5,"RH",2021,1,"3","Noturno"
"EUL747009",3,"GTI",2020,2,"1","Matutino"
"EUR109564",3,"GTI",2020,1,"2","Vespertino"
"EUU871695",2,"CD",2021,1,"1","Matutino"
"EVB070709",2,"CD",2021,1,"1","Matutino"
"EVZ861569",3,"GTI",2022,1,"2","Vespertino"
"EWU078865",5,"RH",2020,1,"2","Vespertino"
"EWY321955",3,"GTI",2020,2,"2","Vespertino"
"EYC989790",5,"RH",2021,2,"2","Vespertino"
"EYE483662",4,"SI",2021,1,"1","Matutino"
"EYV490637",1,"ADS",2021,2,"3","Noturno"
"FAG468237",5,"RH",2022,2,"2","Vespertino"
"FAK520740",5,"RH",2022,2,"1","Matutino"
"FAX801293",1,"ADS",2020,2,"3","Noturno"
"FEL565201",4,"SI",2022,2,"2","Vespertino"
"FFT467673",2,"CD",2021,1,"3","Noturno"
"FFV644195",5,"RH",2021,2,"1","Matutino"
"FGU062679",5,"RH",2021,1,"2","Vespertino"
"FIB657458",5,"RH",2020,2,"2","Vespertino"
"FIJ618400",4,"SI",2020,1,"2","Vespertino"
"FIL594852",3,"GTI",2022,2,"1","Matutino"
"FIM570780",3,"GTI",2020,1,"3","Noturno"
"FIU818272",2,"CD",2021,2,"2","Vespertino"
"FJT419984",3,"GTI",2022,1,"2","Vespertino"
"FJT891690",2,"CD",2021,1,"1","Matutino"
"FKN347096",5,"RH",2020,2,"3","Noturno"
"FLB026753",1,"ADS",2022,2,"1","Matutino"
"FMU022269",5,"RH",2021,1,"1","Matutino"
"FOQ436286",4,"SI",2020,1,"1","Matutino"
"FPL218099",5,"RH",2020,1,"1","Matutino"
"FPU434709",3,"GTI",2021,2,"1","Matutino"
"FQX668064",1,"ADS",2020,1,"1","Matutino"
"FRW746983",4,"SI",2022,1,"1","Matutino"
"FSH604656",4,"SI",2020,2,"3","Noturno"
"FSO110166",4,"SI",2020,2,"2","Vespertino"
"FUE655174",1,"ADS",2020,2,"1","Matutino"
"FVG562621",1,"ADS",2020,1,"3","Noturno"
"GAD047052",1,"ADS",2020,1,"3","Noturno"
"GAE328043",1,"ADS",2022,1,"3","Noturno"
"GAR797693",4,"SI",2022,2,"3","Noturno"
"GBE061769",1,"ADS",2022,2,"1","Matutino"
"GBJ016917",1,"ADS",2022,2,"1","Matutino"
"GBT462786",3,"GTI",2022,2,"1","Matutino"
"GBW934806",5,"RH",2022,2,"3","Noturno"
"GCM147588",3,"GTI",2020,1,"2","Vespertino"
"GDB557644",5,"RH",2020,1,"3","Noturno"
"GDF208204",4,"SI",2020,2,"2","Vespertino"
"GDN504694",4,"SI",2020,2,"1","Matutino"
"GDS012249",4,"SI",2022,2,"3","Noturno"
"GEV297814",5,"RH",2021,1,"1","Matutino"
"GFB850447",4,"SI",2022,2,"2","Vespertino"
"GFF065152",1,"ADS",2021,1,"3","Noturno"
"GFQ315019",2,"CD",2020,1,"2","Vespertino"
"GFW481509",1,"ADS",2021,2,"1","Matutino"
"GGL474811",2,"CD",2022,1,"3","Noturno"
"GHL979559",4,"SI",2022,1,"1","Matutino"
"GHZ135813",3,"GTI",2022,2,"3","Noturno"
"GIE001068",2,"CD",2022,2,"1","Matutino"
"GII957337",1,"ADS",2020,1,"3","Noturno"
"GIQ317557",3,"GTI",2022,2,"1","Matutino"
"GIR705080",4,"SI",2020,2,"1","Matutino"
"GIX194650",5,"RH",2020,1,"1","Matutino"
"GJH963132",2,"CD",2022,2,"2","Vespertino"
"GKP285680",3,"GTI",2022,2,"1","Matutino"
"GKQ067865",2,"CD",2021,2,"1","Matutino"
"GKV384714",3,"GTI",2021,2,"3","Noturno"
"GMP225402",3,"GTI",2020,1,"3","Noturno"
"GMW817164",5,"RH",2020,1,"1","Matutino"
"GMZ876457",1,"ADS",2020,2,"3","Noturno"
"GNB484510",2,"CD",2021,1,"3","Noturno"
"GNM001465",1,"ADS",2021,2,"2","Vespertino"
"GNP312279",5,"RH",2022,2,"2","Vespertino"
"GOT636604",2,"CD",2022,1,"3","Noturno"
"GOW327073",4,"SI",2022,2,"2","Vespertino"
"GOW512928",4,"SI",2020,2,"2","Vespertino"
"GPL590848",1,"ADS",2020,2,"3","Noturno"
"GQJ854474",1,"ADS",2020,2,"3","Noturno"
"GRG085823",1,"ADS",2022,2,"1","Matutino"
"GUA891193",3,"GTI",2021,2,"2","Vespertino"
"GVO563778",2,"CD",2020,1,"3","Noturno"
"GVV964909",4,"SI",2022,1,"2","Vespertino"
"GXV510146",3,"GTI",2021,2,"3","Noturno"
"GYO743841",3,"GTI",2020,2,"1","Matutino"
"GZA343777",2,"CD",2020,2,"1","Matutino"
"HBV038747",2,"CD",2020,1,"2","Vespertino"
"HCF549158",1,"ADS",2021,1,"2","Vespertino"
"HDE469628",4,"SI",2022,2,"1","Matutino"
"HDF322046",4,"SI",2022,2,"2","Vespertino"
"HDG374243",3,"GTI",2021,2,"2","Vespertino"
"HDG542651",1,"ADS",2021,1,"3","Noturno"
"HDH039694",4,"SI",2022,1,"1","Matutino"
"HDI065101",3,"GTI",2021,2,"2","Vespertino"
"HDP219261",5,"RH",2021,1,"1","Matutino"
"HEF579776",5,"RH",2022,2,"2","Vespertino"
"HEW930477",2,"CD",2022,2,"1","Matutino"
"HGK060700",1,"ADS",2022,2,"3","Noturno"
"HHD747319",2,"CD",2021,1,"3","Noturno"
"HHI148573",5,"RH",2021,1,"2","Vespertino"
"HHS360049",3,"GTI",2021,2,"2","Vespertino"
"HJG928060",5,"RH",2020,2,"1","Matutino"
"HJP836360",3,"GTI",2021,2,"1","Matutino"
"HJS137388",1,"ADS",2021,2,"2","Vespertino"
"HJT988312",5,"RH",2021,1,"3","Noturno"
"HKB100045",3,"GTI",2021,2,"1","Matutino"
"HKB796570",2,"CD",2021,2,"2","Vespertino"
"HKW559541",3,"GTI",2021,2,"3","Noturno"
"HLA287065",5,"RH",2021,1,"1","Matutino"
"HLY048118",1,"ADS",2020,1,"1","Matutino"
"HMG015043",1,"ADS",2022,2,"2","Vespertino"
"HMX906267",5,"RH",2020,1,"1","Matutino"
"HOR743742",4,"SI",2021,2,"2","Vespertino"
"HPI130590",1,"ADS",2020,1,"1","Matutino"
"HQO552603",4,"SI",2020,1,"2","Vespertino"
"HQQ115831",5,"RH",2020,1,"2","Vespertino"
"HRA960052",2,"CD",2020,2,"2","Vespertino"
"HRF539925",4,"SI",2021,2,"1","Matutino"
"HSA185364",2,"CD",2021,1,"2","Vespertino"
"HSD597990",3,"GTI",2022,1,"2","Vespertino"
"HTB580558",4,"SI",2020,2,"2","Vespertino"
"HUH083406",1,"ADS",2020,2,"2","Vespertino"
"HUV591373",4,"SI",2020,2,"1","Matutino"
"HUX097960",3,"GTI",2020,1,"2","Vespertino"
"HVR363677",1,"ADS",2021,2,"3","Noturno"
"HXC536813",4,"SI",2022,2,"2","Vespertino"
"HXO235923",3,"GTI",2020,2,"2","Vespertino"
"HXV474735",4,"SI",2022,2,"2","Vespertino"
"HYJ435521",4,"SI",2022,1,"3","Noturno"
"HYW252967",2,"CD",2022,2,"3","Noturno"
"IAB325126",2,"CD",2020,1,"2","Vespertino"
"IAD584451",1,"ADS",2020,2,"3","Noturno"
"IBH293239",5,"RH",2022,1,"1","Matutino"
"IBK233550",2,"CD",2021,1,"2","Vespertino"
"IBM640075",2,"CD",2021,1,"3","Noturno"
"ICD841454",1,"ADS",2021,1,"1","Matutino"
"ICO233729",2,"CD",2021,2,"3","Noturno"
"ICO861223",2,"CD",2021,1,"2","Vespertino"
"ICZ488525",2,"CD",2020,2,"1","Matutino"
"IDH746262",2,"CD",2021,2,"1","Matutino"
"IEK844751",5,"RH",2020,1,"3","Noturno"
"IEO400224",5,"RH",2020,2,"3","Noturno"
"IEV161821",4,"SI",2022,1,"3","Noturno"
"IFT978421",3,"GTI",2020,1,"2","Vespertino"
"IFX716838",1,"ADS",2020,1,"2","Vespertino"
"IHT801038",2,"CD",2020,1,"1","Matutino"
"IIP054596",5,"RH",2021,2,"2","Vespertino"
"IIR862819",2,"CD",2021,1,"3","Noturno"
"IIW586230",3,"GTI",2020,2,"3","Noturno"
"IJK440268",5,"RH",2021,1,"3","Noturno"
"IMN963801",4,"SI",2021,2,"2","Vespertino"
"IMQ453161",3,"GTI",2022,1,"2","Vespertino"
"IPE342866",1,"ADS",2020,1,"3","Noturno"
"IPQ016704",5,"RH",2020,2,"1","Matutino"
"IRC887871",2,"CD",2021,2,"1","Matutino"
"IRV522174",1,"ADS",2022,1,"1","Matutino"
"ISY062179",4,"SI",2020,1,"3","Noturno"
"ITA859363",4,"SI",2020,2,"3","Noturno"
"ITZ441680",5,"RH",2022,2,"2","Vespertino"
"IUE669847",4,"SI",2022,2,"2","Vespertino"
"IUF445179",1,"ADS",2022,1,"2","Vespertino"
"IUX347725",3,"GTI",2021,2,"1","Matutino"
"IVG016509",1,"ADS",2022,1,"1","Matutino"
"IWJ087501",4,"SI",2022,1,"2","Vespertino"
"IWU585290",2,"CD",2020,1,"2","Vespertino"
"IXF163356",2,"CD",2021,1,"3","Noturno"
"IXO975264",4,"SI",2021,2,"1","Matutino"
"IXW426797",5,"RH",2022,1,"3","Noturno"
"IZP470558",5,"RH",2020,1,"3","Noturno"
"IZY576398",3,"GTI",2022,1,"1","Matutino"
"JAP811391",2,"CD",2020,2,"2","Vespertino"
"JBD941702",4,"SI",2021,1,"2","Vespertino"
"JBZ275079",1,"ADS",2022,2,"1","Matutino"
"JDP143076",5,"RH",2022,1,"3","Noturno"
"JEO119628",3,"GTI",2022,2,"3","Noturno"
"JHG988098",5,"RH",2020,1,"3","Noturno"
"JHL242004",5,"RH",2021,1,"1","Matutino"
"JIB074193",3,"GTI",2020,2,"2","Vespertino"
"JJN758066",1,"ADS",2022,1,"1","Matutino"
"JKB558319",2,"CD",2022,1,"2","Vespertino"
"JKH794141",5,"RH",2022,2,"3","Noturno"
"JKX610440",3,"GTI",2022,1,"1","Matutino"
"JLS027603",5,"RH",2022,1,"2","Vespertino"
"JLV598130",4,"SI",2020,1,"2","Vespertino"
"JML774150",1,"ADS",2021,1,"3","Noturno"
"JMO959983",2,"CD",2020,2,"1","Matutino"
"JMP534859",5,"RH",2021,2,"1","Matutino"
"JMY019445",1,"ADS",2020,2,"2","Vespertino"
"JNO081108",4,"SI",2021,1,"1","Matutino"
"JOT106002",3,"GTI",2022,1,"1","Matutino"
"JPP179733",5,"RH",2021,1,"3","Noturno"
"JRF603460",2,"CD",2020,1,"1","Matutino"
"JRL542956",3,"GTI",2022,2,"1","Matutino"
"JRS487943",1,"ADS",2021,1,"1","Matutino"
"JUB634234",3,"GTI",2020,1,"2","Vespertino"
"JUW679581",4,"SI",2021,1,"2","Vespertino"
"JVK876093",2,"CD",2021,2,"3","Noturno"
"JVM726948",5,"RH",2022,2,"3","Noturno"
"JWP119221",3,"GTI",2022,1,"1","Matutino"
"JWQ583389",2,"CD",2022,1,"2","Vespertino"
"JWW954209",2,"CD",2020,1,"3","Noturno"
"JXE753900",5,"RH",2020,2,"1","Matutino"
"JXI599932",4,"SI",2022,2,"2","Vespertino"
"JXJ559926",4,"SI",2021,2,"3","Noturno"
"JYA132685",3,"GTI",2020,1,"1","Matutino"
"JYO468205",3,"GTI",2021,1,"3","Noturno"
"JYV887939",5,"RH",2022,2,"2","Vespertino"
"JZB188188",1,"ADS",2020,2,"1","Matutino"
"KAO638945",5,"RH",2021,1,"3","Noturno"
"KBI889534",2,"CD",2022,1,"1","Matutino"
"KCU704609",2,"CD",2020,2,"1","Matutino"
"KCW825174",1,"ADS",2021,1,"3","Noturno"
"KCX489346",2,"CD",2020,2,"3","Noturno"
"KDF170747",3,"GTI",2021,2,"2","Vespertino"
"KDR197739",3,"GTI",2021,2,"3","Noturno"
"KEL987620",3,"GTI",2022,2,"3","Noturno"
"KGJ667219",5,"RH",2020,1,"1","Matutino"
"KGM681876",2,"CD",2020,2,"3","Noturno"
"KGQ894709",3,"GTI",2021,1,"1","Matutino"
"KGY755037",2,"CD",2020,1,"2","Vespertino"
"KHL472977",4,"SI",2020,1,"1","Matutino"
"KHN565464",5,"RH",2021,1,"3","Noturno"
"KIG845434",1,"ADS",2020,2,"1","Matutino"
"KIJ835183",2,"CD",2022,2,"3","Noturno"
"KJH295889",2,"CD",2020,2,"2","Vespertino"
"KJW175547",2,"CD",2020,1,"1","Matutino"
"KKB758747",1,"ADS",2021,1,"2","Vespertino"
"KKF786588",1,"ADS",2020,1,"3","Noturno"
"KKS322497",1,"ADS",2021,2,"3","Noturno"
"KLK154763",2,"CD",2021,2,"3","Noturno"
"KMJ357670",2,"CD",2021,1,"2","Vespertino"
"KNQ814110",1,"ADS",2022,1,"3","Noturno"
"KOA250152",4,"SI",2020,1,"1","Matutino"
"KOG347155",3,"GTI",2021,1,"3","Noturno"
"KPK053798",1,"ADS",2021,1,"1","Matutino"
"KPN970655",3,"GTI",2022,2,"1","Matutino"
"KTI772908",1,"ADS",2020,2,"3","Noturno"
"KTJ421303",3,"GTI",2021,2,"1","Matutino"
"KUR884147",4,"SI",2022,2,"3","Noturno"
"KVO164622",2,"CD",2020,1,"1","Matutino"
"KWA481730",1,"ADS",2022,2,"3","Noturno"
"KXL318734",2,"CD",2020,1,"1","Matutino"
"KXO520901",1,"ADS",2021,2,"2","Vespertino"
"KXO849222",3,"GTI",2022,2,"1","Matutino"
"KYL289184",5,"RH",2021,1,"1","Matutino"
"LAF664943",1,"ADS",2022,2,"2","Vespertino"
"LAJ417117",4,"SI",2022,1,"1","Matutino"
"LFQ248668",3,"GTI",2021,2,"1","Matutino"
"LFS269204",5,"RH",2020,2,"2","Vespertino"
"LGE979055",4,"SI",2022,2,"3","Noturno"
"LGG562393",1,"ADS",2020,2,"2","Vespertino"
"LHT896396",2,"CD",2022,2,"3","Noturno"
"LIA170089",1,"ADS",2020,1,"3","Noturno"
"LIN387317",2,"CD",2020,1,"2","Vespertino"
"LKQ651843",2,"CD",2022,2,"3","Noturno"
"LKZ508241",5,"RH",2022,1,"2","Vespertino"
"LMF363589",1,"ADS",2022,2,"2","Vespertino"
"LMH629825",2,"CD",2021,2,"1","Matutino"
"LMH893635",4,"SI",2021,2,"2","Vespertino"
"LMV155600",5,"RH",2021,2,"2","Vespertino"
"LON108901",1,"ADS",2021,2,"3","Noturno"
"LQB794021",3,"GTI",2022,2,"1","Matutino"
"LQO510391",4,"SI",2021,2,"2","Vespertino"
"LRB371521",3,"GTI",2022,2,"2","Vespertino"
"LRJ435916",5,"RH",2020,1,"3","Noturno"
"LRJ845954",1,"ADS",2020,1,"3","Noturno"
"LRO783602",2,"CD",2022,1,"2","Vespertino"
"LSB894100",1,"ADS",2021,2,"2","Vespertino"
"LSE784779",5,"RH",2021,1,"1","Matutino"
"LSO680829",3,"GTI",2022,2,"2","Vespertino"
"LTL561259",3,"GTI",2021,1,"3","Noturno"
"LUM767826",4,"SI",2020,2,"2","Vespertino"
"LWA547917",4,"SI",2021,1,"3","Noturno"
"LWR961460",1,"ADS",2020,2,"3","Noturno"
"LXJ059526",2,"CD",2022,2,"2","Vespertino"
"LXM691794",3,"GTI",2020,2,"3","Noturno"
"LYA167343",2,"CD",2020,2,"3","Noturno"
"LYD464206",5,"RH",2021,2,"1","Matutino"
"LZO989264",4,"SI",2020,2,"1","Matutino"
"LZS998564",4,"SI",2021,2,"3","Noturno"
"MCB878260",3,"GTI",2021,2,"3","Noturno"
"MDP958618",3,"GTI",2022,2,"1","Matutino"
"MDR226275",3,"GTI",2022,1,"1","Matutino"
"MEE015113",2,"CD",2021,2,"1","Matutino"
"MEI618045",4,"SI",2021,1,"3","Noturno"
"MEM071356",5,"RH",2021,1,"1","Matutino"
"MFK043486",2,"CD",2020,1,"2","Vespertino"
"MFY453402",5,"RH",2020,1,"1","Matutino"
"MGW039590",4,"SI",2021,1,"2","Vespertino"
"MGW572944",5,"RH",2020,1,"2","Vespertino"
"MHN761785",5,"RH",2020,1,"3","Noturno"
"MHR391693",4,"SI",2021,2,"3","Noturno"
"MHY856083",4,"SI",2021,2,"3","Noturno"
"MIE502583",2,"CD",2020,1,"3","Noturno"
"MIS046978",5,"RH",2020,1,"2","Vespertino"
"MIT566230",2,"CD",2020,1,"1","Matutino"
"MKZ319763",4,"SI",2020,1,"1","Matutino"
"MLT909732",4,"SI",2020,1,"3","Noturno"
"MMC610293",5,"RH",2020,1,"2","Vespertino"
"MNB530115",4,"SI",2020,1,"2","Vespertino"
"MNR492090",5,"RH",2021,1,"3","Noturno"
"MNS928417",2,"CD",2020,1,"2","Vespertino"
"MOY764527",3,"GTI",2020,1,"1","Matutino"
"MPH149270",5,"RH",2021,1,"2","Vespertino"
"MQA871996",1,"ADS",2022,1,"3","Noturno"
"MQB468033",4,"SI",2021,1,"2","Vespertino"
"MQV271273",5,"RH",2020,2,"1","Matutino"
"MRF623988",4,"SI",2022,1,"3","Noturno"
"MRJ943479",1,"ADS",2020,2,"2","Vespertino"
"MTT068874",5,"RH",2021,1,"2","Vespertino"
"MWH993110",2,"CD",2022,1,"3","Noturno"
"MXE042857",5,"RH",2020,1,"1","Matutino"
"MXS889141",2,"CD",2022,2,"1","Matutino"
"MXY652088",3,"GTI",2020,1,"2","Vespertino"
"MYB783223",2,"CD",2020,1,"3","Noturno"
"MYJ427938",2,"CD",2021,2,"3","Noturno"
"MYV771549",2,"CD",2021,2,"1","Matutino"
"NBL182309",4,"SI",2022,2,"3","Noturno"
"NBN757257",5,"RH",2021,2,"3","Noturno"
"NBW676006",5,"RH",2021,2,"1","Matutino"
"NBZ278133",1,"ADS",2020,2,"1","Matutino"
"NDB135655",5,"RH",2021,1,"1","Matutino"
"NDG528235",4,"SI",2021,2,"1","Matutino"
"NDO795256",2,"CD",2022,1,"1","Matutino"
"NGJ444868",5,"RH",2020,1,"2","Vespertino"
"NIS381954",2,"CD",2022,1,"3","Noturno"
"NJF911166",1,"ADS",2021,1,"2","Vespertino"
"NJL454099",2,"CD",2020,2,"3","Noturno"
"NKO172872",4,"SI",2022,2,"3","Noturno"
"NMD008099",3,"GTI",2020,1,"3","Noturno"
"NMI603829",4,"SI",2021,2,"1","Matutino"
"NNE588927",3,"GTI",2022,1,"1","Matutino"
"NNI231078",1,"ADS",2021,1,"2","Vespertino"
"NNQ775327",3,"GTI",2021,2,"2","Vespertino"
"NPF740138",1,"ADS",2022,2,"1","Matutino"
"NPU646996",5,"RH",2021,2,"3","Noturno"
"NPY890806",5,"RH",2022,1,"1","Matutino"
"NQI693030",3,"GTI",2022,1,"2","Vespertino"
"NQJ820065",2,"CD",2020,1,"1","Matutino"
"NQM166554",2,"CD",2022,1,"2","Vespertino"
"NRD478134",3,"GTI",2022,2,"2","Vespertino"
"NRH562083",1,"ADS",2022,1,"2","Vespertino"
"NRO503348",3,"GTI",2022,1,"1","Matutino"
"NRR759360",4,"SI",2021,2,"3","Noturno"
"NSQ858078",4,"SI",2021,1,"2","Vespertino"
"NTD388208",4,"SI",2021,2,"2","Vespertino"
"NTV074813",3,"GTI",2021,1,"2","Vespertino"
"NUD488575",3,"GTI",2022,1,"3","Noturno"
"NUJ555432",5,"RH",2021,2,"3","Noturno"
"NUO273024",4,"SI",2021,2,"2","Vespertino"
"NUP937521",3,"GTI",2021,2,"2","Vespertino"
"NYC575859",4,"SI",2021,2,"3","Noturno"
"NYI676719",5,"RH",2020,2,"3","Noturno"
"NYY995472",3,"GTI",2021,1,"2","Vespertino"
"NZE948398",4,"SI",2020,1,"1","Matutino"
"NZS769924",1,"ADS",2021,1,"1","Matutino"
"OAD809676",5,"RH",2020,1,"3","Noturno"
"OAK494050",3,"GTI",2021,1,"1","Matutino"
"OAL060760",4,"SI",2021,2,"3","Noturno"
"OCJ143386",2,"CD",2021,2,"2","Vespertino"
"ODA655443",2,"CD",2022,1,"3","Noturno"
"OEU582196",2,"CD",2022,1,"1","Matutino"
"OFH465221",3,"GTI",2021,2,"3","Noturno"
"OFO489952",1,"ADS",2020,2,"2","Vespertino"
"OFV484026",2,"CD",2021,2,"2","Vespertino"
"OHV670321",3,"GTI",2021,1,"3","Noturno"
"OIY323010",5,"RH",2021,1,"3","Noturno"
"OIZ264127",5,"RH",2021,1,"2","Vespertino"
"OKA277293",5,"RH",2021,2,"1","Matutino"
"OKK452983",4,"SI",2021,1,"3","Noturno"
"OLQ896523",1,"ADS",2020,1,"3","Noturno"
"OML531996",3,"GTI",2020,2,"1","Matutino"
"ONA642566",2,"CD",2020,2,"1","Matutino"
"ONI382507",2,"CD",2021,2,"2","Vespertino"
"OOB344368",3,"GTI",2022,2,"1","Matutino"
"OOG209794",1,"ADS",2022,1,"1","Matutino"
"OOR903459",1,"ADS",2020,2,"1","Matutino"
"OOU721120",2,"CD",2021,2,"2","Vespertino"
"OQU674036",1,"ADS",2022,2,"2","Vespertino"
"ORW564562",2,"CD",2022,1,"1","Matutino"
"OSF017179",4,"SI",2022,1,"1","Matutino"
"OSQ092459",2,"CD",2021,1,"2","Vespertino"
"OSR456004",5,"RH",2022,2,"3","Noturno"
"OUI414708",1,"ADS",2021,2,"2","Vespertino"
"OVC891888",1,"ADS",2021,2,"3","Noturno"
"OXY053544",1,"ADS",2021,1,"2","Vespertino"
"OYZ659017",1,"ADS",2022,1,"1","Matutino"
"OZC357866",4,"SI",2020,1,"2","Vespertino"
"PAD403213",4,"SI",2020,1,"3","Noturno"
"PAI726945",2,"CD",2020,2,"2","Vespertino"
"PAU335291",4,"SI",2020,1,"3","Noturno"
"PAY554777",1,"ADS",2020,2,"3","Noturno"
"PAY679152",3,"GTI",2022,2,"3","Noturno"
"PBC321999",2,"CD",2022,1,"2","Vespertino"
"PBK201061",5,"RH",2021,2,"3","Noturno"
"PCA027376",4,"SI",2020,1,"2","Vespertino"
"PCO822722",1,"ADS",2021,1,"1","Matutino"
"PDG955793",4,"SI",2020,2,"2","Vespertino"
"PDY160217",1,"ADS",2021,2,"1","Matutino"
"PFK188696",3,"GTI",2022,2,"3","Noturno"
"PFZ849064",5,"RH",2021,1,"3","Noturno"
"PHE827328",5,"RH",2020,1,"2","Vespertino"
"PHN487872",5,"RH",2020,2,"2","Vespertino"
"PIP741824",4,"SI",2021,2,"3","Noturno"
"PKO748990",1,"ADS",2022,2,"1","Matutino"
"PLK238499",3,"GTI",2020,2,"3","Noturno"
"PMN735796",1,"ADS",2020,1,"3","Noturno"
"PMR968823",3,"GTI",2022,1,"1","Matutino"
"PNY978675",2,"CD",2020,1,"2","Vespertino"
"POE190837",2,"CD",2021,2,"1","Matutino"
"PPL535211",3,"GTI",2022,1,"2","Vespertino"
"PPS528346",4,"SI",2022,1,"3","Noturno"
"PRK392743",1,"ADS",2021,1,"1","Matutino"
"PRM078988",5,"RH",2022,2,"3","Noturno"
"PRM476340",3,"GTI",2021,2,"3","Noturno"
"PSU326267",4,"SI",2022,2,"3","Noturno"
"PUC046770",3,"GTI",2022,2,"3","Noturno"
"PUK523844",4,"SI",2020,2,"3","Noturno"
"PUR200836",3,"GTI",2022,1,"3","Noturno"
"PUW775166",5,"RH",2021,1,"1","Matutino"
"PXC930392",3,"GTI",2021,1,"1","Matutino"
"PXN276299",1,"ADS",2022,1,"1","Matutino"
"PXZ482850",4,"SI",2021,1,"3","Noturno"
"PYD020538",3,"GTI",2022,2,"2","Vespertino"
"PZX992902",4,"SI",2022,1,"2","Vespertino"
"QAA985408",1,"ADS",2021,1,"3","Noturno"
"QAH765174",2,"CD",2022,2,"1","Matutino"
"QAZ242985",2,"CD",2022,1,"3","Noturno"
"QBH247597",5,"RH",2022,1,"3","Noturno"
"QBR002872",1,"ADS",2021,2,"3","Noturno"
"QBV888182",1,"ADS",2020,1,"1","Matutino"
"QCE221401",4,"SI",2021,1,"2","Vespertino"
"QCS946327",3,"GTI",2021,2,"1","Matutino"
"QDH607956",2,"CD",2020,1,"3","Noturno"
"QDK919358",2,"CD",2022,2,"3","Noturno"
"QEF554862",4,"SI",2020,1,"1","Matutino"
"QFA086961",4,"SI",2022,1,"3","Noturno"
"QFD620785",3,"GTI",2020,2,"1","Matutino"
"QGE202257",3,"GTI",2020,1,"3","Noturno"
"QGK829855",1,"ADS",2021,1,"2","Vespertino"
"QGQ933436",1,"ADS",2021,1,"1","Matutino"
"QHL364169",2,"CD",2021,1,"2","Vespertino"
"QIQ177564",1,"ADS",2022,2,"1","Matutino"
"QJE908199",1,"ADS",2021,1,"2","Vespertino"
"QJN250137",4,"SI",2020,1,"2","Vespertino"
"QKD222922",4,"SI",2022,2,"3","Noturno"
"QLQ934703",4,"SI",2020,2,"3","Noturno"
"QOS473102",2,"CD",2021,2,"3","Noturno"
"QQS346013",4,"SI",2022,1,"1","Matutino"
"QSG132455",2,"CD",2022,2,"3","Noturno"
"QUL485756",5,"RH",2022,1,"2","Vespertino"
"QVP005273",1,"ADS",2020,1,"2","Vespertino"
"QVS540825",5,"RH",2022,1,"1","Matutino"
"QWV812977",2,"CD",2020,2,"3","Noturno"
"QXI716279",4,"SI",2020,2,"3","Noturno"
"QYA932622",4,"SI",2022,2,"2","Vespertino"
"QYK094687",4,"SI",2022,1,"2","Vespertino"
"QYM860221",4,"SI",2020,2,"3","Noturno"
"QYN135415",3,"GTI",2020,1,"2","Vespertino"
"QZC663708",2,"CD",2021,2,"1","Matutino"
"RAC781896",1,"ADS",2022,2,"2","Vespertino"
"RAV017504",2,"CD",2020,2,"1","Matutino"
"RBB948243",3,"GTI",2022,1,"3","Noturno"
"RBL215457",4,"SI",2021,1,"2","Vespertino"
"RCA328668",4,"SI",2020,1,"3","Noturno"
"RCD137904",4,"SI",2021,2,"1","Matutino"
"RCN794034",1,"ADS",2020,1,"1","Matutino"
"RCT276550",1,"ADS",2021,2,"2","Vespertino"
"RDZ463041",5,"RH",2022,1,"1","Matutino"
"REA833398",3,"GTI",2022,2,"2","Vespertino"
"REO344684",3,"GTI",2020,2,"3","Noturno"
"RFX389932",5,"RH",2022,2,"1","Matutino"
"RFZ987298",3,"GTI",2020,1,"3","Noturno"
"RIO907861",5,"RH",2020,1,"1","Matutino"
"RJO625119",1,"ADS",2022,1,"3","Noturno"
"RMB943018",3,"GTI",2022,2,"2","Vespertino"
"RMO583804",3,"GTI",2022,2,"2","Vespertino"
"RMT050436",4,"SI",2021,1,"1","Matutino"
"ROA016518",4,"SI",2022,1,"2","Vespertino"
"ROU408133",1,"ADS",2022,2,"1","Matutino"
"RPK301146",4,"SI",2020,1,"2","Vespertino"
"RPT459267",4,"SI",2021,1,"3","Noturno"
"RQP097266",3,"GTI",2020,1,"2","Vespertino"
"RRM241703",2,"CD",2021,1,"2","Vespertino"
"RSW014662",4,"SI",2021,1,"3","Noturno"
"RSW788935",2,"CD",2022,2,"1","Matutino"
"RTG729180",3,"GTI",2020,2,"3","Noturno"
"RTX631581",4,"SI",2021,1,"2","Vespertino"
"RTY990596",3,"GTI",2020,2,"2","Vespertino"
"RUQ319447",4,"SI",2020,2,"1","Matutino"
"RUZ291170",4,"SI",2022,2,"1","Matutino"
"RVB008253",3,"GTI",2022,1,"3","Noturno"
"RVI254144",1,"ADS",2020,2,"1","Matutino"
"RXQ378854",2,"CD",2021,1,"1","Matutino"
"SAM765946",3,"GTI",2021,1,"3","Noturno"
"SDK732330",2,"CD",2021,1,"3","Noturno"
"SFD946964",3,"GTI",2022,1,"3","Noturno"
"SFX425002",3,"GTI",2022,2,"3","Noturno"
"SHJ869208",1,"ADS",2021,1,"3","Noturno"
"SHK810881",2,"CD",2021,2,"2","Vespertino"
"SHV629975",2,"CD",2022,2,"1","Matutino"
"SIA628959",4,"SI",2022,1,"3","Noturno"
"SIQ019235",4,"SI",2021,1,"2","Vespertino"
"SJA426584",3,"GTI",2022,1,"2","Vespertino"
"SKB629085",5,"RH",2022,1,"2","Vespertino"
"SKM070657",4,"SI",2021,1,"3","Noturno"
"SKQ197828",4,"SI",2021,1,"3","Noturno"
"SKV604823",4,"SI",2021,2,"3","Noturno"
"SLX992263",5,"RH",2021,2,"3","Noturno"
"SNA214207",5,"RH",2021,1,"1","Matutino"
"SNR781255",2,"CD",2021,1,"1","Matutino"
"SOF445784",4,"SI",2020,1,"2","Vespertino"
"SOO013632",4,"SI",2021,1,"3","Noturno"
"SPE390765",2,"CD",2022,2,"2","Vespertino"
"SPL668524",4,"SI",2022,2,"3","Noturno"
"SPQ803284",1,"ADS",2020,1,"2","Vespertino"
"SQI579814",2,"CD",2021,1,"2","Vespertino"
"SQX708174",5,"RH",2021,1,"2","Vespertino"
"SRI664584",4,"SI",2022,2,"2","Vespertino"
"SRN367690",1,"ADS",2022,2,"3","Noturno"
"SRQ408205",4,"SI",2022,2,"2","Vespertino"
"SSB036367",3,"GTI",2021,1,"2","Vespertino"
"SSY758992",3,"GTI",2020,1,"1","Matutino"
"STX841647",5,"RH",2021,1,"1","Matutino"
"SUG136519",4,"SI",2021,2,"2","Vespertino"
"SUM054303",2,"CD",2022,2,"1","Matutino"
"SUU760447",5,"RH",2022,1,"1","Matutino"
"SUU816684",5,"RH",2021,1,"3","Noturno"
"SXE309712",1,"ADS",2022,2,"3","Noturno"
"SXL485710",2,"CD",2021,1,"3","Noturno"
"SYA445779",4,"SI",2020,2,"3","Noturno"
"SYN690145",4,"SI",2022,1,"2","Vespertino"
"SZI476263",1,"ADS",2022,2,"2","Vespertino"
"SZQ281647",3,"GTI",2020,1,"1","Matutino"
"SZV348855",3,"GTI",2022,1,"3","Noturno"
"SZX536592",5,"RH",2021,2,"3","Noturno"
"TAA134574",5,"RH",2021,2,"2","Vespertino"
"TAB691208",1,"ADS",2020,1,"2","Vespertino"
"TAX140330",1,"ADS",2022,1,"3","Noturno"
"TBA281799",1,"ADS",2020,2,"3","Noturno"
"TBT363160",4,"SI",2020,2,"2","Vespertino"
"TBV057693",1,"ADS",2022,1,"3","Noturno"
"TDK604390",4,"SI",2020,1,"1","Matutino"
"TDQ501639",2,"CD",2021,2,"2","Vespertino"
"TFH812121",2,"CD",2022,1,"1","Matutino"
"TGV641281",1,"ADS",2022,1,"2","Vespertino"
"TIW237090",4,"SI",2021,1,"3","Noturno"
"TJP691853",3,"GTI",2020,1,"2","Vespertino"
"TKM831060",3,"GTI",2020,1,"2","Vespertino"
"TKV372439",1,"ADS",2020,2,"3","Noturno"
"TKX404780",1,"ADS",2021,1,"2","Vespertino"
"TLF364594",1,"ADS",2022,1,"1","Matutino"
"TLH433781",5,"RH",2020,2,"2","Vespertino"
"TLL242265",2,"CD",2021,2,"1","Matutino"
"TLS180438",5,"RH",2021,1,"1","Matutino"
"TMW331745",1,"ADS",2021,1,"3","Noturno"
"TNG535222",1,"ADS",2020,2,"2","Vespertino"
"TOG104682",2,"CD",2022,2,"3","Noturno"
"TPI519006",1,"ADS",2020,1,"3","Noturno"
"TPZ514334",3,"GTI",2022,2,"2","Vespertino"
"TQV173587",4,"SI",2020,2,"3","Noturno"
"TRD582013",3,"GTI",2022,2,"3","Noturno"
"TRN452069",2,"CD",2020,1,"3","Noturno"
"TRV717874",1,"ADS",2020,2,"1","Matutino"
"TSJ800397",5,"RH",2020,2,"3","Noturno"
"TSK803811",2,"CD",2021,1,"1","Matutino"
"TSZ861855",1,"ADS",2021,2,"2","Vespertino"
"TTV381364",4,"SI",2022,1,"3","Noturno"
"TTX336563",1,"ADS",2020,1,"1","Matutino"
"TVB642413",4,"SI",2022,1,"1","Matutino"
"TWN558833",2,"CD",2021,1,"3","Noturno"
"TWS384970",4,"SI",2022,2,"1","Matutino"
"TXC421285",3,"GTI",2021,1,"2","Vespertino"
"TXL546383",4,"SI",2022,2,"3","Noturno"
"TXZ165692",4,"SI",2021,2,"1","Matutino"
"TYI295033",2,"CD",2021,2,"3","Noturno"
"TZT925584",1,"ADS",2021,2,"3","Noturno"
"UAJ497769",5,"RH",2022,2,"3","Noturno"
"UAJ935201",2,"CD",2021,2,"2","Vespertino"
"UBU776182",1,"ADS",2021,2,"3","Noturno"
"UCT227675",5,"RH",2020,1,"2","Vespertino"
"UCX771169",5,"RH",2021,2,"1","Matutino"
"UDG116277",4,"SI",2022,2,"3","Noturno"
"UDN165765",4,"SI",2022,1,"1","Matutino"
"UEC276419",3,"GTI",2021,2,"2","Vespertino"
"UFN695935",5,"RH",2022,2,"3","Noturno"
"UFV675817",5,"RH",2022,2,"2","Vespertino"
"UGH027662",1,"ADS",2020,1,"1","Matutino"
"UHZ566616",5,"RH",2020,1,"2","Vespertino"
"UIZ630195",4,"SI",2022,2,"2","Vespertino"
"UJN358085",4,"SI",2020,2,"3","Noturno"
"UKP876015",1,"ADS",2020,2,"2","Vespertino"
"ULJ762578",2,"CD",2021,2,"1","Matutino"
"ULW585893",5,"RH",2021,1,"2","Vespertino"
"UMB900053",1,"ADS",2021,2,"1","Matutino"
"UMN024552",5,"RH",2021,2,"2","Vespertino"
"UMZ589659",5,"RH",2022,2,"1","Matutino"
"UNN127375",5,"RH",2020,1,"2","Vespertino"
"UOO122583",1,"ADS",2020,1,"3","Noturno"
"UOO580649",3,"GTI",2022,2,"1","Matutino"
"UPD823874",4,"SI",2020,2,"1","Matutino"
"UPZ010199",5,"RH",2020,2,"2","Vespertino"
"URF122252",3,"GTI",2021,1,"2","Vespertino"
"URU481055",1,"ADS",2022,2,"2","Vespertino"
"USK314599",1,"ADS",2020,2,"3","Noturno"
"USM686314",4,"SI",2021,1,"3","Noturno"
"UTS780152",3,"GTI",2022,2,"2","Vespertino"
"UTZ847743",3,"GTI",2022,2,"1","Matutino"
"UUB313117",4,"SI",2020,1,"1","Matutino"
"UUH361635",5,"RH",2021,2,"1","Matutino"
"UUU646184",1,"ADS",2020,1,"2","Vespertino"
"UUY865719",1,"ADS",2020,1,"1","Matutino"
"UVE774329",2,"CD",2021,1,"2","Vespertino"
"UVH240981",4,"SI",2020,1,"1","Matutino"
"UWO697285",4,"SI",2021,1,"2","Vespertino"
"UWQ101545",5,"RH",2020,1,"2","Vespertino"
"UXO188360",1,"ADS",2022,1,"3","Noturno"
"UYK950248",5,"RH",2020,1,"2","Vespertino"
"UZD343128",3,"GTI",2020,2,"2","Vespertino"
"VAZ069838",1,"ADS",2021,1,"1","Matutino"
"VBX226910",2,"CD",2021,2,"1","Matutino"
"VCD605956",3,"GTI",2020,2,"1","Matutino"
"VCD615143",2,"CD",2020,2,"3","Noturno"
"VCK590490",2,"CD",2020,1,"2","Vespertino"
"VDB039522",1,"ADS",2020,1,"1","Matutino"
"VDM678590",4,"SI",2022,2,"3","Noturno"
"VDW631954",2,"CD",2020,2,"2","Vespertino"
"VEJ521990",5,"RH",2020,2,"1","Matutino"
"VFU643825",4,"SI",2022,2,"3","Noturno"
"VFX647108",4,"SI",2021,1,"2","Vespertino"
"VFY652840",4,"SI",2021,2,"2","Vespertino"
"VGA679126",5,"RH",2021,1,"2","Vespertino"
"VGF647064",3,"GTI",2022,1,"2","Vespertino"
"VGG490704",2,"CD",2022,2,"3","Noturno"
"VGH670646",3,"GTI",2022,2,"2","Vespertino"
"VHK604203",2,"CD",2021,1,"3","Noturno"
"VHN299384",2,"CD",2022,1,"3","Noturno"
"VIC870084",2,"CD",2021,2,"3","Noturno"
"VID323985",5,"RH",2020,2,"3","Noturno"
"VIG074400",4,"SI",2022,1,"3","Noturno"
"VIP446940",4,"SI",2020,1,"3","Noturno"
"VIY409620",4,"SI",2021,1,"2","Vespertino"
"VKY715264",4,"SI",2021,2,"2","Vespertino"
"VLT075004",2,"CD",2020,2,"1","Matutino"
"VLW352278",1,"ADS",2021,1,"2","Vespertino"
"VMC452479",4,"SI",2022,1,"3","Noturno"
"VMF416518",1,"ADS",2021,2,"1","Matutino"
"VMW414769",1,"ADS",2021,1,"1","Matutino"
"VNX758434",5,"RH",2020,1,"1","Matutino"
"VNY295143",5,"RH",2021,2,"3","Noturno"
"VOE132109",4,"SI",2020,2,"3","Noturno"
"VOI501395",4,"SI",2022,1,"2","Vespertino"
"VOI514083",4,"SI",2020,2,"3","Noturno"
"VOS917767",5,"RH",2022,1,"2","Vespertino"
"VOZ954153",3,"GTI",2021,2,"2","Vespertino"
"VPH556010",2,"CD",2021,1,"1","Matutino"
"VQQ126950",2,"CD",2022,1,"1","Matutino"
"VQV509544",4,"SI",2022,2,"1","Matutino"
"VQW793786",2,"CD",2020,1,"1","Matutino"
"VRH839618",5,"RH",2020,1,"1","Matutino"
"VRL981017",1,"ADS",2020,2,"3","Noturno"
"VRV121120",1,"ADS",2022,1,"1","Matutino"
"VSC785244",5,"RH",2021,2,"2","Vespertino"
"VTA542111",4,"SI",2022,1,"1","Matutino"
"VTI720362",4,"SI",2021,2,"1","Matutino"
"VTK254734",5,"RH",2020,1,"2","Vespertino"
"VWD912985",4,"SI",2021,2,"3","Noturno"
"VWY488471",1,"ADS",2020,2,"1","Matutino"
"VXI786414",4,"SI",2020,2,"2","Vespertino"
"VXM437132",1,"ADS",2020,2,"2","Vespertino"
"VXN776648",1,"ADS",2020,2,"2","Vespertino"
"VYK055279",2,"CD",2022,1,"2","Vespertino"
"VYL174585",3,"GTI",2021,2,"3","Noturno"
"VZH139248",2,"CD",2021,2,"3","Noturno"
"WAK195705",1,"ADS",2021,1,"3","Noturno"
"WBA277838",1,"ADS",2022,2,"1","Matutino"
"WBV788760",3,"GTI",2021,2,"1","Matutino"
"WCB927253",4,"SI",2021,1,"1","Matutino"
"WCN752441",1,"ADS",2022,1,"2","Vespertino"
"WDQ173676",3,"GTI",2021,1,"1","Matutino"
"WEL072684",1,"ADS",2022,2,"3","Noturno"
"WEO298403",2,"CD",2022,2,"3","Noturno"
"WFV926708",4,"SI",2022,1,"1","Matutino"
"WGP787300",2,"CD",2020,2,"2","Vespertino"
"WGQ761325",4,"SI",2022,2,"3","Noturno"
"WHH892250",5,"RH",2021,2,"3","Noturno"
"WHV186194",5,"RH",2022,2,"2","Vespertino"
"WHY118009",2,"CD",2021,2,"2","Vespertino"
"WIS669784",1,"ADS",2022,1,"3","Noturno"
"WKF468607",4,"SI",2022,2,"3","Noturno"
"WKW109765",5,"RH",2020,1,"2","Vespertino"
"WKW336486",1,"ADS",2021,2,"2","Vespertino"
"WLS286932",3,"GTI",2020,2,"3","Noturno"
"WMC726536",3,"GTI",2022,2,"2","Vespertino"
"WMH432194",5,"RH",2020,1,"3","Noturno"
"WMI488819",1,"ADS",2022,1,"3","Noturno"
"WMW480048",1,"ADS",2020,1,"3","Noturno"
"WOC582473",3,"GTI",2020,2,"3","Noturno"
"WOS366434",2,"CD",2020,1,"2","Vespertino"
"WOT469583",2,"CD",2022,2,"2","Vespertino"
"WPK984444",2,"CD",2021,2,"1","Matutino"
"WPM631667",5,"RH",2020,2,"1","Matutino"
"WPU867822",2,"CD",2021,1,"1","Matutino"
"WRW625221",1,"ADS",2020,2,"3","Noturno"
"WRY612215",3,"GTI",2022,2,"1","Matutino"
"WTM553783",4,"SI",2020,1,"1","Matutino"
"WTQ208791",4,"SI",2020,2,"2","Vespertino"
"WTS319848",5,"RH",2021,1,"2","Vespertino"
"WTV496233",5,"RH",2022,2,"1","Matutino"
"WVD949191",5,"RH",2020,2,"3","Noturno"
"WVI642646",4,"SI",2021,2,"1","Matutino"
"WXD374487",5,"RH",2021,1,"2","Vespertino"
"WXU263835",4,"SI",2020,2,"2","Vespertino"
"WYU147889",2,"CD",2021,2,"1","Matutino"
"WZE601562",2,"CD",2022,1,"1","Matutino"
"WZH417502",1,"ADS",2022,1,"2","Vespertino"
"WZJ959986",4,"SI",2021,1,"3","Noturno"
"XBQ794463",3,"GTI",2020,2,"1","Matutino"
"XCJ046701",1,"ADS",2021,1,"3","Noturno"
"XGA543365",2,"CD",2022,1,"1","Matutino"
"XHA196463",2,"CD",2020,1,"1","Matutino"
"XHS294247",5,"RH",2021,1,"3","Noturno"
"XIN369973",4,"SI",2021,2,"2","Vespertino"
"XJA642037",3,"GTI",2022,2,"1","Matutino"
"XKO442322",3,"GTI",2022,1,"1","Matutino"
"XLU383219",1,"ADS",2022,1,"1","Matutino"
"XMQ436745",5,"RH",2022,2,"1","Matutino"
"XPD279103",3,"GTI",2020,1,"2","Vespertino"
"XRW710759",4,"SI",2021,1,"1","Matutino"
"XSI428333",1,"ADS",2020,2,"2","Vespertino"
"XSW877012",5,"RH",2020,2,"3","Noturno"
"XUP040983",3,"GTI",2022,2,"3","Noturno"
"XXS640375",5,"RH",2022,2,"1","Matutino"
"XYA751224",2,"CD",2020,2,"3","Noturno"
"XYH659345",5,"RH",2021,2,"3","Noturno"
"XYW165025",1,"ADS",2020,1,"3","Noturno"
"YAP752864",1,"ADS",2021,1,"1","Matutino"
"YAQ169944",1,"ADS",2021,2,"2","Vespertino"
"YBX407112",4,"SI",2021,1,"1","Matutino"
"YEA378103",1,"ADS",2020,1,"3","Noturno"
"YED289041",1,"ADS",2020,2,"2","Vespertino"
"YEF782538",2,"CD",2020,2,"3","Noturno"
"YEY969287",3,"GTI",2022,2,"1","Matutino"
"YJA953708",3,"GTI",2020,1,"1","Matutino"
"YJH000884",5,"RH",2022,2,"1","Matutino"
"YJO687392",1,"ADS",2022,2,"2","Vespertino"
"YKS069525",1,"ADS",2020,1,"3","Noturno"
"YMH028954",3,"GTI",2021,1,"2","Vespertino"
"YNK399673",1,"ADS",2020,2,"3","Noturno"
"YNQ794743",4,"SI",2021,1,"2","Vespertino"
"YOC140572",3,"GTI",2021,1,"1","Matutino"
"YOH172893",1,"ADS",2021,1,"3","Noturno"
"YOK728885",1,"ADS",2022,2,"3","Noturno"
"YOS400463",1,"ADS",2021,2,"3","Noturno"
"YPC227447",5,"RH",2020,2,"2","Vespertino"
"YPL699706",1,"ADS",2021,1,"3","Noturno"
"YQT936908",5,"RH",2021,1,"2","Vespertino"
"YRQ647282",2,"CD",2021,1,"1","Matutino"
"YSP134592",1,"ADS",2022,2,"3","Noturno"
"YUH813245",1,"ADS",2020,2,"3","Noturno"
"YUX301674",4,"SI",2020,1,"1","Matutino"
"YUY128877",4,"SI",2021,2,"3","Noturno"
"YUZ503394",2,"CD",2021,1,"2","Vespertino"
"YUZ874931",1,"ADS",2021,1,"2","Vespertino"
"YVA849184",1,"ADS",2022,2,"3","Noturno"
"YVH403912",1,"ADS",2021,2,"3","Noturno"
"YWC438976",1,"ADS",2020,2,"1","Matutino"
"YXA970112",2,"CD",2022,1,"2","Vespertino"
"YXE599488",4,"SI",2020,1,"3","Noturno"
"YXN812952",4,"SI",2022,2,"1","Matutino"
"YXQ576231",3,"GTI",2021,1,"1","Matutino"
"YYC474587",5,"RH",2021,1,"3","Noturno"
"YYX077679",4,"SI",2022,1,"2","Vespertino"
"YZE950560",1,"ADS",2021,2,"3","Noturno"
"YZN025691",5,"RH",2022,2,"3","Noturno"
"YZT061442",5,"RH",2021,2,"1","Matutino"
"ZBR035449",2,"CD",2022,2,"2","Vespertino"
"ZCP905432",5,"RH",2020,1,"1","Matutino"
"ZCW070483",3,"GTI",2020,2,"1","Matutino"
"ZCX074509",4,"SI",2021,2,"1","Matutino"
"ZDK684934",4,"SI",2021,2,"2","Vespertino"
"ZEL595865",2,"CD",2022,1,"3","Noturno"
"ZEW054182",3,"GTI",2020,2,"2","Vespertino"
"ZFO039908",2,"CD",2021,2,"3","Noturno"
"ZHQ632194",5,"RH",2022,1,"3","Noturno"
"ZIL332333",5,"RH",2022,1,"2","Vespertino"
"ZIO079911",4,"SI",2022,2,"1","Matutino"
"ZIQ108513",1,"ADS",2022,1,"3","Noturno"
"ZJD329872",4,"SI",2020,2,"1","Matutino"
"ZJH663426",3,"GTI",2021,2,"1","Matutino"
"ZJM299619",4,"SI",2020,2,"3","Noturno"
"ZKC770489",4,"SI",2020,1,"1","Matutino"
"ZKP732939",3,"GTI",2020,2,"3","Noturno"
"ZLK101073",5,"RH",2020,1,"1","Matutino"
"ZMK724107",2,"CD",2020,2,"3","Noturno"
"ZOB023173",2,"CD",2020,1,"1","Matutino"
"ZPK465622",4,"SI",2021,2,"3","Noturno"
"ZPU413754",5,"RH",2020,2,"3","Noturno"
"ZQX688979",2,"CD",2022,1,"2","Vespertino"
"ZRS694200",5,"RH",2022,1,"2","Vespertino"
"ZSC030309",2,"CD",2020,1,"2","Vespertino"
"ZSQ285068",4,"SI",2020,2,"2","Vespertino"
"ZUM958012",3,"GTI",2021,1,"2","Vespertino"
"ZVW168390",4,"SI",2020,2,"2","Vespertino"
"ZWE489619",3,"GTI",2022,1,"2","Vespertino"
"ZWS727214",5,"RH",2020,1,"3","Noturno"
"ZXF696043",2,"CD",2020,2,"2","Vespertino"
"ZXO475271",3,"GTI",2020,1,"3","Noturno"
"ZYT992397",1,"ADS",2022,2,"3","Noturno"
"ZYY510859",2,"CD",2022,1,"1","Matutino"
"ZZM039187",4,"SI",2021,1,"3","Noturno"
